Poštanski broj,Poštanski ured,Adresa,Mjesto
10000,Zagreb,Branimirova 4,ZAGREB
10004,Zagreb-Carina,Poštanska ulica 9,Velika Gorica
10010,Zagreb-Sloboština,V. Varićaka 13,ZAGREB
10020,Zagreb-Novi Zagreb,Siget 18 C,ZAGREB
10040,Zagreb-Dubrava,Dubrava 53,ZAGREB
10090,Zagreb-Susedgrad,Ilica 508,ZAGREB
10101,Zagreb,Jurišićeva 13,ZAGREB
10103,Zagreb,Basaričekova 11,ZAGREB
10104,Zagreb,Hrgovići 55,ZAGREB
10105,Zagreb,Britanski trg 12,ZAGREB
10106,Zagreb,Gundulićeva 8,ZAGREB
10108,Zagreb,Kraljevićeva  28,ZAGREB
10109,Zagreb,Prilaz baruna Filipovića 18,ZAGREB
10110,Zagreb,Ozaljska 152,ZAGREB
10111,Zagreb,Ulica Ante Topića Mimare 39A,ZAGREB
10112,Zagreb,Nova Ves 57,ZAGREB
10113,Zagreb,Zvonimirova 38,ZAGREB
10114,Zagreb,Folnegovićeva 5,ZAGREB
10115,Zagreb,Savska 17,ZAGREB
10116,Zagreb,Ulica grada Vukovara 86,ZAGREB
10119,Zagreb,"TC Point Centar Vrbani, Rudeška cesta 169 A",ZAGREB
10120,Zagreb,Črnomerec 1,ZAGREB
10121,Zagreb,J. Laurenčića 8 C,ZAGREB
10122,Zagreb,Nova cesta 39,ZAGREB
10123,Zagreb,Mandrovićeva 3,ZAGREB
10124,Zagreb,Albaharijeva 7,ZAGREB
10126,Zagreb,Ulica grada Vukovara 35,ZAGREB
10128,Zagreb,"TC Garden Mall, Rudolfa Kolaka 14",ZAGREB
10129,Zagreb,Meštrovićev trg bb,ZAGREB
10130,Zagreb,Petrinjska 30,ZAGREB
10131,Zagreb,Gruška 18,ZAGREB
10132,Zagreb,"City Centar One Zagreb East, Slavonska avenija 11D",ZAGREB
10133,Zagreb,Meksička bb,ZAGREB
10134,Zagreb,"TC Prečko, Slavenskog 1",ZAGREB
10135,Zagreb,Trg S. Konzula 4,ZAGREB
10136,Zagreb,Heinzlova 98,ZAGREB
10137,Zagreb,"TC Arena Zagreb, Vice Vukova 6",ZAGREB
10138,Zagreb,Dragutina Golika 28,ZAGREB
10139,Zagreb,B. Magovca 31,ZAGREB
10140,Zagreb,Braće Domany 8,ZAGREB
10141,Zagreb,Vile Velebita 6,ZAGREB
10142,Zagreb,Trg Johna Fitzgeralda Kennedya  11,ZAGREB
10144,Zagreb,Savska 41,ZAGREB
10145,Zagreb,Jablanska 24,ZAGREB
10146,Zagreb,Ivana Šibla 22,ZAGREB
10147,Zagreb,Trg I. Kukuljevića 5,ZAGREB
10148,Zagreb,Maksimirska 286,ZAGREB
10150,Zagreb-Zračna luka,Rudolfa Fizira 1,VELIKA GORICA
10151,Zagreb,Avenija Marina Držića 4,ZAGREB
10153,Zagreb,Šeferova 4,ZAGREB
10156,Zagreb,Prisavlje 14,ZAGREB
10158,Zagreb,"TC City Centar One Zagreb West, Jankomir 33",ZAGREB
10160,Zagreb,"TC Avenue Mall, Avenija Dubrovnik 16",ZAGREB
10162,Zagreb,Vijenac Frane Gotovca 5,ZAGREB
10163,Zagreb,Avenija Dubrovnik 32,ZAGREB
10166,Zagreb,Brežovanka 2 A,ZAGREB
10168,Zagreb,Šestinski trg 10,ZAGREB
10169,Zagreb,Donje Svetice 42,ZAGREB
10172,Zagreb,Podsusedski trg 14 B,ZAGREB
10173,Zagreb,Trg narodne zaštite 1,ZAGREB
10174,Zagreb,"TC Super Konzum Dubec, Avenija Dubrava 241, Zagreb",ZAGREB
10175,Zagreb,"TC Supernova Buzin, Avenija Većeslava Holjevca 62",ZAGREB
10250,Lučko,Puškarićeva 15,LUČKO
10251,Hrvatski Leskovac,Trg Hrvatskih branitelja Domovinskog rata 1,HRVATSKI LESKOVAC
10252,Kupinečki Kraljevec,Kraljevečki Brijegi 69,KUPINEČKI KRALJEVEC
10253,Donji Dragonožec,Turopoljska cesta 12,DONJI DRAGONOŽEC
10254,Odra,Odranska 82,ODRA
10255,Gornji Stupnik,Gornjostupnička 33,GORNJI STUPNIK
10256,Botinec,Šegrta Hlapića Bb,BOTINEC
10257,Brezovica,Brezovička cesta 100,BREZOVICA
10290,Zaprešić,D. Švajcara 5,ZAPREŠIĆ
10291,Prigorje Brdovečko,Zagrebačka 29,PRIGORJE BRDOVEČKO
10292,Šenkovec,Zagrebačka 45,ŠENKOVEC
10293,Dubravica,Pavla Štoosa 16 A,DUBRAVICA
10294,Donja Pušća,Kumrovečka 104,PUŠĆA
10295,Kupljenovo,Matije Gupca 53 A,KUPLJENOVO
10296,Luka,Trg svetog Roka 1,LUKA
10297,Jakovlje,Stubička 4,JAKOVLJE
10298,Bistra,Pešćenka 3,DONJA BISTRA
10299,Marija Gorica,Gorička 18 A,MARIJA GORICA
10310,Ivanić Grad,Moslavačka 14,IVANIĆ GRAD
10311,Posavski Bregi,Savska 68,POSAVSKI BREGI
10312,Kloštar Ivanić,Zagrebačka 2,KLOŠTAR IVANIĆ
10313,Graberje Ivaničko,Zagrebačka 40,GRABERJE IVANIĆKO
10314,Križ,Zagrebačka 15,KRIŽ
10315,Novoselec,Kolodvorska 8,NOVOSELEC
10316,Lijevi Dubrovčak,Ulica braće Radića 4A,LIJEVI DUBROVČAK
10340,Vrbovec,Trg P. Zrinskog 12,VRBOVEC
10342,Dubrava,Braće Radić 2,DUBRAVA
10344,Farkaševac,Farkaševac 43,FARKAŠEVAC
10345,Gradec,Gradec 135,GRADEC
10346,Preseka,Preseka 57,PRESEKA
10347,Rakovec,Rakovec 54,RAKOVEC
10360,Sesvete,Varaždinska 1,SESVETE
10361,Sesvete-Kraljevec,Dugoselska 35,SESVETSKI KRALJEVEC
10362,Kašina,Ivana Mažuranića 67 A,KAŠINA
10363,Belovar,Varaždinska 47,BELOVAR
10365,Sesvete,Ljubičica 33,SESVETE
10370,Dugo Selo,J. Zorića 26,DUGO SELO
10372,Rugvica,Trg dr. Franje Tuđmana 1,RUGVICA
10373,Ivanja Reka,Marofska 1A,IVANJA REKA
10380,Sveti Ivan Zelina,Zagrebačka 5,SV. IVAN ZELINA
10381,Bedenica,Bedenica 112 A,BEDENICA
10382,Donja Zelina,Donjozelinska 107,DONJA ZELINA
10383,Komin,Komin 34 A,KOMIN
10407,Šćitarjevo,Šćitarjevo 70,ŠĆITARJEVO
10408,Velika Mlaka,A. Grahovara 10,VELIKA MLAKA
10409,Velika Gorica,Trg kralja Tomislava 34,VELIKA GORICA
10410,Velika Gorica,Slavka Kolara 15,VELIKA GORICA
10411,Orle,Orle 5,ORLE
10412,Donja Lomnica,Stepanska 10,DONJA LOMNICA
10413,Kravarsko,Trg Stjepana Radića 1,KRAVARSKO
10414,Pokupsko,Pokupsko 25A,POKUPSKO
10415,Novo Čiče,Velokogorička Bb,NOVO ČIČE
10417,Buševec,Trg seljačke sloge 9,VELIKA GORICA
10418,Dubranec,Dubranec 5,DUBRANEC
10419,Vukovina,Vukovina 14,VUKOVINA
10430,Samobor,Gajeva 4,SAMOBOR
10431,Sveta Nedelja,Trg Antuna Starčevića 4,SVETA NEDELJA
10432,Bregana,Đ. Basaričeka 9,BREGANA
10433,Samobor,Zagorska 43,SAMOBOR
10434,Strmec,Vladimira Nazora 13,STRMEC SAMOBORSKI
10435,Sveti Martin pod Okićem,Sveti Martin pod Okićem 34,SV. MARTIN P/O
10436,Rakov Potok,Karlovačka Cesta 126,RAKOV POTOK
10437,Bestovje,Dr. Franje Tuđmana 38 A,BESTOVJE
10450,Jastrebarsko,Kralja Tomislava 2,JASTREBARSKO
10451,Pisarovina,Trg Stjepana Radića 11,PISAROVINA
10452,Klinča Sela,Karlovačka ulica 28E,KLINČA SELA
10453,Gorica Svetojanska,Gorica Svetojanska 35,SVETA  JANA
10454,Krašić,Krašić 101,KRAŠIĆ
10455,Kostanjevac,Kostanjevac 5,KOSTANJEVAC
10456,Kalje  sez.,Kalje 1,KALJE
10457,Sošice,Sošice 17,SOŠICE
20000,Dubrovnik,Vukovarska 16,DUBROVNIK
20103,Dubrovnik,Miljenka Bratoša 21,DUBROVNIK
20106,Dubrovnik,Marka Marojice 1,DUBROVNIK
20107,Dubrovnik,Obala Ivana Pavla II 24,DUBROVNIK
20108,Dubrovnik,Široka 8,DUBROVNIK
20109,Dubrovnik,Dr. Roka Mišetića 2,DUBROVNIK
20205,Topolo,Topolo 48,TOPOLO
20207,Mlini,Put Bruna Bušića 81,MLINI
20210,Cavtat,Trumbićev Put 10,CAVTAT
20213,Čilipi,Beroje 27,ČILIPI
20215,Gruda,Gruda 139,GRUDA
20216,Dubravka,Butkovina 46,DUBRAVKA
20221,Koločep,Donje Čelo 35,KOLOČEP
20222,Lopud,Obala Ivana Kuljevana 3,LOPUD
20223,Šipanjska Luka,Šipanjska Luka 20,ŠIPANJSKA LUKA
20224,Maranovići  sez.,Maranovići 1,MARANOVIĆI
20225,Babino Polje,Sršenovići 46,BABINO POLJE
20226,Goveđari,Pristanište 7,GOVEĐARI
20230,Ston,Trg kralja Tomislava 1,STON
20232,Slano,Trg Ruđera Boškovića 1,SLANO
20235,Zaton Veliki,Obala dr. Ante Starčevića 1,ZATON VELIKI
20236,Mokošica,Bartola Kašića 2,MOKOŠICA
20240,Trpanj,Trg kralja Tomislava 23,TRPANJ
20242,Oskorušno,Privor 1,OSKORUŠNO
20243,Kuna,Kuna 53,KUNA
20244,Potomje,Potomje 18,POTOMJE
20245,Trstenik,Kraj 11,TRSTENIK
20246,Janjina,Janjina 94 B,JANJINA
20247,Žuljana,Kraj 2,ŽULJANA
20248,Putniković,Putnikovići 14,PUTNIKOVIĆI
20250,Orebić,Obala pomoraca 13,OREBIĆ
20260,Korčula,Trg kralja Tomislava 24,KORČULA
20263,Lumbarda,Lumbarda 546,LUMBARDA
20264,Račišće,Račišće 118,RAČIŠĆE
20267,Kućište,Kućište 119,KUĆIŠTE
20269,Lovište,Lovište 127,LOVIŠTE
20270,Vela Luka,Obala 2 broj 1,VELA LUKA
20271,Blato,Ulica 1 broj 17,BLATO
20272,Smokvica,Smokvica 81,SMOKVICA
20273,Čara,Čara 197,ČARA
20274,Pupnat,Pupnat 24,PUPNAT
20275,Žrnovo,Žrnovo 164,ŽRNOVO
20278,Nova Sela,Kulina 2,NOVA SELA
20289,Ubli  sez.,Trg sv. Petra 5,UBLI
20290,Lastovo,Prijevor 9,LASTOVO
20340,Ploče,Trg kralja Tomislava 18,PLOČE
20341,Kula Norinska,Rujnička 1,KULA NORINSKA
20342,Otrić Seoci,Otrić Seoci 6,OTRIĆ SEOCI
20343,Rogotin,Ante Rončevića 20 A,ROGOTIN
20344,Komin (Dalmacija),Obala Stjepana Radića 103,KOMIN
20345,Staševica,Petra Kezića 2,STAŠEVICA
20350,Metković,Dr. Ante Starčevića 9,METKOVIĆ
20352,Vid,Ulica put Grada 19,VID
20353,Mlinište,Mlinište 26,MLINIŠTE
20355,Opuzen,Stanka Parmaća 8,OPUZEN
20356,Klek,Neretvanska 8,KLEK
20357,Blace,Dolac 18,BLACE
21000,Split,Hercegovačka 1,SPLIT
21101,Split,Kralja Tomislava 9,SPLIT
21102,Split,Obala kneza Domagoja 3,SPLIT
21103,Split,Kralja Zvonimira 45,SPLIT
21104,Split,Domovinskog rata 53,SPLIT
21105,Split,Vladimira Nazora 22,SPLIT
21106,Split,Lovretska 22,SPLIT
21107,Split,Vinkovačka 8,SPLIT
21108,Split,Antuna Branka Šimića 32,SPLIT
21109,Split,Cesarčeva 2 A,SPLIT
21110,Split,Gradišćanskih Hrvata 22,SPLIT
21111,Split,Krležina 26,SPLIT
21112,Split,Pujanke 24/3,SPLIT
21113,Split,"TC City Centar One Split, Vukovarska 207",SPLIT
21114,Split,Papandopulova 1,SPLIT
21115,Split,Odeska 14,SPLIT
21119,Split,"TC Mall Of Split, Josipa Jovića 93",SPLIT
21201,Prgomet,Put Sela 1,PRGOMET
21202,Lećevic,Hrvatskih mučenika 1,LEĆEVICA
21203,Donji Muć,Donji Muć 150,DONJI MUĆ
21204,Dugopolje,Stepinčeva 1,DUGOPOLJE
21206,Donje Ogorje,Rađe 3,DONJE OGORJE
21207,Kostanje,Poljička cesta 71,KOSTANJE
21208,Kučiće,Franje Josipa 63,KUČIČE
21209,Solin,"TC Salona Mall Antuna Gustava Matoša 10, Solin",SOLIN
21210,Solin,Zvonimirova 77,SOLIN
21211,Vranjic,Obala pomoraca 77,VRANJIC
21212,Kaštel Sućurac,Branitelja od Turaka 2,KAŠTEL SUĆURAC
21213,Kaštel Gomilica,Cesta dr. Tuđmana 434,KAŠTEL GOMILICA
21214,Kaštel Kambelovac,Cesta dr. Tuđmana 560,KAŠTEL KAMBELOVAC
21215,Kaštel Lukšić,Hrvatskih branitelja 4,KAŠTEL LUKŠIĆ
21216,Kaštel Stari,Grgura Ninskog 6,KAŠTEL STARI
21217,Kaštel Štafilić,Put svete Lucije 34,KAŠTEL ŠTAFILIĆ
21218,Seget Donji,Trg hrvatskog viteza Š. Frzelina 1,SEGET DONJI
21219,Trogir,Gradska 53,TROGIR
21220,Trogir,Put Muline 33,TROGIR
21222,Marina,Ante Rudana 47,MARINA
21223,Okrug Gornji,Bana Jelačića 15,OKRUG GORNJI
21224,Slatine,Duboke Garme 6,SLATINE
21225,Drvenik Veliki,Drvenik 1,DRVENIK VELIKI
21226,Vinišće,Trg Ivana Duknovića 1,VINIŠĆE
21227,Primorski Dolac,Primorski Dolac 1,PRIMORSKI DOLAC
21228,Blizna Donja,Mamuti 26,BLIZNA DONJA
21230,Sinj,Glavička 5,SINJ
21231,Klis,Trg Mejdan 1,KLIS
21232,Dicmo,Kraj 44,DICMO
21233,Hrvace,Hrvace 230,HRVACE
21234,Brnaze,Brnaze 420 B,BRNAZE
21236,Vrlika,Bana Berislavića 21,VRLIKA
21238,Otok (Dalmacija),Trg dr. Franje Tuđmana 5,OTOK
21240,Trilj,Svetog Mihovila 19,TRILJ
21241,Obrovac Sinjski *,Obrovac Sinjski 242 B,OBROVAC SINJSKI
21242,Grab,Grab 147A,GRAB
21244,Cista Velika,Trg Mate Vučka 5,CISTA VELIKA
21246,Aržano,Cesta Josipa Jovića 44,ARŽANO
21247,Neorić,Neorić 58,NEORIĆ
21250,Šestanovac,Dr. Franje Tuđmana 56,ŠESTANOVAC
21251,Žrnovnica,Krešimirova 7,ŽRNOVNICA
21252,Tugare,Trg sv. Roka 1,TUGARE
21253,Gata,Poljička cesta 83,GATA
21254,Blato na Cetini,K. Tomislava 29,BLATO NA CETINI
21255,Zadvarje,Dr. Franje Tuđmana 4,ZADVARJE
21256,Cista Provo,Ante Starčevića 2,CISTA PROVO
21257,Lovreć,Dr. Franje Tuđmana 42,LOVREĆ
21260,Imotski,Bruna Bušića 7,IMOTSKI
21261,Runović,Trg fra Mije Runovića 1,RUNOVIĆ
21262,Kamenmost  sez.,Kamenmost bb,KAMENMOST
21263,Krivodol,Svete Ane 1,KRIVODOL
21264,Donji Proložac,Hrvatskih branitelja 101,DONJI PROLOŽAC
21265,Studenci,Put škole 13,STUDENCI
21266,Zmijavci,Dr. Franje Tuđmana 130,ZMIJAVCI
21268,Drum,Domovinskog rata 37,DRUM
21270,Zagvozd,Trg zabiokovskih junaka Domovinskog rata 3,ZAGVOZD
21271,Grabovac,Grabovac centar 133,GRABOVAC
21272,Slivno,Slivno 319,SLIVNO
21275,Dragljane,Dragljane 40,DRAGLJANE
21276,Vrgorac,Tina Ujevića 10,VRGORAC
21277,Veliki Prolog,Veliki Prolog 25,VELIKI PROLOG
21285,Solin,Solinske mladeži 69 D,SOLIN
21292,Srinjine,Poljičke Kneževine 23,SRNJINE
21300,Makarska,Trg 4. svibnja 533 Br. 1,MAKARSKA
21310,Omiš,Fošal 1,OMIŠ
21311,Stobreč,Cetinska 22,STOBREČ
21312,Podstrana,Franje Tuđmana 1,PODSTRANA
21314,Jesenice,Put svetog Nikole 1,JESENICE
21315,Dugi Rat,Trg kralja Tomislava 10,DUGI RAT
21317,Lokva Rogoznica sez.,Ivašnjak I/1,LOKVA ROGOZNICA
21318,Mimice,Kralja Tomislava 49,MIMICE
21320,Baška Voda,Obala svetog Nikole 79,BAŠKA VODA
21322,Brela,Trg Alojzija Stepinca 1,BRELA
21323,Promajna  sez.,Obala 1,PROMAJNA
21325,Tučepi,Kraj 44,TUČEPI
21327,Podgora,Obala kneza Branimira 81,PODGORA
21328,Drašnice,Drašnice 130,DRAŠNICE
21329,Igrane,Igrane 153,IGRANE
21330,Gradac,Obala 6,GRADAC
21333,Drvenik,Donja vala 76,DRVENIK
21334,Zaostrog,Fra Andrije Kačića Miošića 3,ZAOSTROG
21335,Podaca,1. svibnja 1A,PODACA
21400,Supetar,Vlačica 13,SUPETAR
21403,Sutivan,Trg Dr. Franje Tuđmana 1,SUTIVAN
21404,Ložišća,Svetog Ivana  Pavla 2,LOŽIŠĆA
21405,Milna,Sridnja Kala 17,MILNA
21410,Postira,Porat 2,POSTIRA
21412,Pučišća,Novo Riva 1,PUČIŠĆA
21413,Povlja,Mala Banda 1,POVLJA
21414,Gornji Humac,Gornji Humac,GORNJI HUMAC
21420,Bol,Uz Pjacu 5,BOL
21423,Nerežišća,Trg svetog Petra 7,NEREŽIŠĆA
21424,Pražnica,Pražnica 14,PRAŽNICA
21425,Selca,Selačkih iseljenika 1,SELCA
21426,Sumartin,Porat 15,SUMARIN
21430,Grohote,Podkuće 4,GROHOTE
21432,Stomorska  sez.,Riva Pelegrin 22,STOMORSKA
21450,Hvar,Obala Riva 19,HVAR
21454,Brusje,Molo Bonda 3,BRUSJE
21460,Stari Grad,Ulica braće Biancini 2,STARI GRAD
21462,Vrbanj,Vrbanj 234,VRBANJ
21463,Vrboska,Vrboska 411,VRBOSKA
21465,Jelsa,Jelsa 356,JELSA
21466,Zastražišće,Zastražišće 65,ZASTRAŽIŠĆE
21467,Gdinj,Gdinj 91,GDINJ
21468,Bogomolje,Srid Sela 16,BOGOMOLJE
21469,Sućuraj,Gornja Banda 2,SUĆURAJ
21480,Vis,Obala svetog Jurja 25,VIS
21483,Podšpilje sez.,Podšpilje 6,PODŠPILJE
21485,Komiža,Hrvatskih mučenika 8,KOMIŽA
22000,Šibenik,Bribirskih knezova 83,ŠIBENIK
22030,Šibenik-Zablaće  sez.,Mate Leoni 18,ZABLAĆE
22101,Šibenik,Kralja Zvonimira 42,ŠIBENIK
22102,Šibenik,Stjepana Radića 54,ŠIBENIK
22103,Šibenik,Bana Ivana Mažuranića 5,ŠIBENIK
22104,Šibenik,Biskupa fra Jerolima Milete 2,ŠIBENIK
22105,Šibenik,Vukovarska 10,ŠIBENIK
22106,Šibenik,Vrpoljački put 21,ŠIBENIK
22108,Šibenik,Krapanjskih spužvara 29,ŠIBENIK
22202,Primošten,Trg Stjepana Radića 9,PRIMOŠTEN
22203,Rogoznica,Obala kneza Domagoja 140A,ROGOZNICA
22205,Perković,Nova ulica 11,PERKOVIĆ
22211,Vodice,Obala Ive Juričeva Cota 4,VODICE
22212,Tribunj,Badnje 1,TRIBUNJ
22213,Pirovac,Kralja Krešimira Iv. 6,PIROVAC
22214,Čista Velika,Ulica Čista Velika 1/23,ČISTA VELIKA
22215,Zaton,Hrvatskih branitelja 1,ZATON
22221,Lozovac,Tromilja 18,LOZOVAC
22222,Skradin,Dr. Franje Tuđmana 8,SKRADIN
22232,Zlarin,Fingac 5,ZLARIN
22233,Prvić Luka,Ulica 2 Br. 1,PRVIĆ LUKA
22234,Prvić Šepurine,Trg 7,PRVIĆ ŠEPURINE
22235,Kaprije,Zapadna obala 7,KAPRIJE
22236,Žirje,Ulica 1/7,ŽIRJE
22240,Tisno,Trg Šime Vlašića 1,TISNO
22242,Jezera,Put Zaratića 3,JEZERA
22243,Murter,Butina 2,MURTER
22244,Betina,Trg na Moru 15,BETINA
22300,Knin,Dr. Franje Tuđmana 20,KNIN
22301,Golubić,Kardinala Franje Kuharića 4,GOLUBIĆ
22303,Oklaj,Put kroz Oklaj 130,OKLAJ
22305,Kistanje,Dr. Franje Tuđmana 101,KISTANJE
22310,Kijevo,Ulica Bajani 12,KIJEVO
22320,Drniš,Domovinskog rata 16,DRNIŠ
22321,Siverić,Kod Pošte 3,SIVERIĆ
22322,Ružić,Put kroz Gradac 24,GRADAC
22323,Unešić,Dr. Franje Tuđmana 41,UNEŠIĆ
22324,Drinovci,Stjepana Radića 4,DRINOVCI
23000,Zadar,Kralja S. Držislava 1,ZADAR
23103,Zadar,Š. Kožičića Benje 1,ZADAR
23104,Zadar,Josipa Jurja Strossmayera 8,ZADAR
23105,Zadar,Put Petrića 34 B,ZADAR
23106,Zadar,Šibenska 9 J,ZADAR
23107,Zadar,Bleiburških žrtava 18,ZADAR
23205,Bibinje,Trg Franje Tuđmana 5,BIBINJE
23206,Sukošan,Hrvatskih branitelja 2,SUKOŠAN
23207,Sveti Filip i Jakov,Obala kralja Tomislava 16,SV. FILIP I JAKOV
23210,Biograd na moru,Trg Hrvatskih velikana 30,BIOGRAD
23211,Pakoštane,Trg kralja Tomislava 1,PAKOŠTANE
23212,Tkon,Kuntrata 1,TKON
23222,Zemunik,Ulica I 33,ZEMUNIK
23223,Škabrnja,Trg dr. Franje Tuđmana 4,ŠKABRNJA
23226,Pridraga,Trg Stjepana Radića 9,PRIDRAGA
23231,Petrčane,VII. Ulica 4,PETRČANE
23232,Nin,Zadarska 5,NIN
23233,Privlaka (Dalmacija),Ivana Pavla II. 6,PRIVLAKA
23234,Vir,Borisa Krnčevića 57,VIR
23235,Vrsi,Dr. Franje Tuđmana 8,VRSI
23241,Poličnik,Stara cesta 1,POLIČNIK
23242,Posedarje,Martina Posedarskog 1,POSEDARJE
23243,Jasenice,"Petra Zoranića 63, Maslenica",JASENICE
23244,Starigrad Paklenica,Dr. Franje Tuđmana 35,STARIGRAD-PAKLENICA
23248,Ražanac,Ražanac X 2 A,RAŽANAC
23249,Povljana,Stjepana Radića 18,POVLJANA
23250,Pag,Golija 34,PAG
23251,Kolan,Trg kralja Tomislava 3,KOLAN
23262,Pašman,Pašman 34,PAŠMAN
23263,Ždrelac,Ždrelac Bb,ŽDRELAC
23264,Neviđane,Sveti Luka 2,NEVIĐANE
23271,Kukljica,Ulica Iv 24,KUKLJICA
23272,Kali,Bradski Dvor 5,KALI
23273,Preko,Oko Mula 16,PREKO
23274,Lukoran  sez.,Šetalište sv. Lovre 13,LUKORAN
23275,Ugljan,Šimuna Kožića Benje 5,UGLJAN
23281,Sali,Sali 69,SALI
23282,Žman,Žman 138,ŽMAN
23283,Rava,Vela Rava Bb,VELA RAVA
23284,Veli Iž,Veli Iž 26 A,VELI Iž
23285,Brbinj,Brbinj 36,BRBINJ
23286,Božava,Božava 14,BOŽAVA
23287,Veli Rat,Vidov prolaz 2A,VELI RAT
23291,Sestrunj,Sestrunj 12,SESTRUNJ
23292,Molat,Molat 158,MOLAT
23293,Ist,Ist 48,IST
23294,Premuda,Premuda 87,PREMUDA
23295,Silba,Silba 410,SILBA
23296,Olib,Olib 183,OLIB
23312,Novigrad (Dalmacija),Stjepana Radića 1,NOVIGRAD
23420,Benkovac,Vukovarska 8,BENKOVAC
23422,Stankovci,Stankovci 221,STANKOVCI
23423,Polača,Polača 49,POLAČA
23440,Gračac,Obrovačka 6,GRAČAC
23445,Srb,Splitska 1,SRB
23450,Obrovac,Trg Franje Tuđmana 3,OBROVAC
23452,Karin,Ulica  I 79,KARIN
31000,Osijek,Kardinala Alojzija Stepinca 17,OSIJEK
31103,Osijek,Trg Bana Jelačića 23,OSIJEK
31104,Osijek,Prolaz Julija Benešića 1,OSIJEK
31105,Osijek,Ulica Sv. Leopolda Bogdana Mandića 7,OSIJEK
31106,Osijek,Ljudevita Posavskog 34,OSIJEK
31107,Osijek,Ulica jablanova 2,OSIJEK
31108,Osijek,Drinska 4 A,OSIJEK
31110,Osijek,"TC Kaufland, Josipa Reihl-Kira 40",OSIJEK
31111,Osijek,Opatijska 26 F,OSIJEK
31112,Osijek,Sjenjak 137,OSIJEK
31204,Bijelo Brdo,Nikole Tesle 65,BIJELO BRDO
31205,Aljmaš,M. Palinkaša 1,ALJMAŠ
31206,Erdut,Ivana Bakića 24,ERDUT
31207,Tenja,Vlatka Mačeka 20,TENJA
31208,Petrijevci,Republike 116,PETRIJEVCI
31214,Laslovo (Szentlászló),Vladimira Nazora 73,LASLOVO - KOROG
31215,Ernestinovo,Vladimira Nazora 61,ERNESTINOVO
31216,Antunovac,Braće Radića 4,ANTUNOVAC
31220,Višnjevac,Josipa Jurja Strossmayera 2,VIŠNJEVAC
31222,Bizovac,Kralja Tomislava 138,BIZOVAC
31223,Brođanci,Trg 1,BROĐANCI
31224,Koška,Josipa Kozarca 2,KOŠKA
31225,Breznica Našička,Osječka 20,BREZNICA NAŠIČKA
31226,Dalj,Bana Jelačića 18,DALJ
31227,Zelčin,Ljudevita Gaja 1,ZELČIN
31300,Beli Manastir,Imre Nagya 2 E,BELI MANASTIR
31302,Kneževo,Trg D. Drevenšeka 7,KNEŽEVO
31303,Popovac,Vladimira Nazora 32,POPOVAC
31304,Duboševica,Dr. Franje Tuđmana 2,DUBOŠEVICA
31305,Draž,Braće Radić 1,DRAŽ
31306,Batina,Trg slobode 10 A,BATINA
31307,Zmajevac (Vörösmart),Maršala Tita 198,ZMAJEVAC
31309,Kneževi Vinogradi,Glavna 10,KNEŽEVI VINOGRADI
31315,Karanac,Kolodvorska 124,KARANAC
31321,Petlovac,Rade Končara 48,PETLOVAC
31322,Baranjsko Petrovo Selo,Glavna 10,BARANJSKO PETROVO SELO
31324,Jagodnjak,Borisa Kidriča 93,JAGODNJAK
31325,Čeminac,Kolodvorska 2,ČEMINAC
31326,Darda,135. Baranjske brigade 14,DARDA
31327,Bilje,Kralja Zvonimira 10,BILJE
31328,Lug (Laskó),Petefi Šandora 114,LUG
31400,Đakovo,Trg dr. Franje Tuđmana 1 A,ĐAKOVO
31401,Viškovci,Omladinska 23,VIŠKOVCI
31402,Semeljci,Kolodvorska 2,SEMELJCI
31403,Vuka,Osječka 72,VUKA
31404,Vladislavci,Kralja Tomislava 141,VLADISLAVCI
31405,Đakovo,Augusta Cesarca 9,ĐAKOVO
31410,Strizivojna,Braće Radića 210,STRIZIVOJNA
31411,Trnava,Ivana Meštrovića 2,TRNAVA
31416,Levanjska Varoš,Glavna 70,LEVANJSKA VAROŠ
31417,Piškorevci,Stjepana Radića 28,PIŠKOREVCI
31418,Drenje,Gajeva 23,DRENJE
31421,Satnica Đakovačka,Ante Starčevića 10,SATNICA ĐAKOVAČKA
31422,Gorjani,Bolokan 11 A,GORJANI
31424,Punitovci,Stjepana Radića 58,PUNITOVCI
31431,Čepin,Kralja Zvonimira 93 C,ČEPIN
31432,Budimci,Bana Josipa Jelačića 171,BUDIMCI
31433,Podgorač,Trg P. Pejačević 3,PODGORAČ
31500,Našice,Strossmayerova 2,NAŠICE
31511,Đurđenovac,Trg Bana Jelačića 11,ĐURĐENOVAC
31512,Feričanci,Trg Matije Gupca 3,FERIČANCI
31513,Donja Motičina,Matije Gupca 62A,DONJA MOTIČINA
31530,Podravska Moslavina,Josipa Jurja Strossmayera 122,PODRAVSKA MOSLAVINA
31531,Viljevo,Braće Radića 87,VILJEVO
31540,Donji Miholjac,Vukovarska 4,DONJI MIHOLJAC
31542,Magadenovac,Glavna 3,MAGADENOVAC
31543,Miholjački Poreč,Eugena Kraja 28,MIHOLJAČKI POREČ
31550,Valpovo,Osječka 2,VALPOVO
31551,Belišće,Gutmanova 24,BELIŠĆE
31552,Podgajci Podravski,Vladimira Nazora 146,PODGAJCI PODRAVSKI
31554,Gat,Kolodvorska  2,GAT
31555,Marijanci,Trg svetog Petra I Pavla 4,MARIJANCI
32000,Vukovar,Josipa Jurja Strossmayera 4,VUKOVAR
32010,Vukovar,Hrvatskog zrakoplovstva 2,VUKOVAR
32011,Vukovar,Bana Josipa Jelačića 92,VUKOVAR
32100,Vinkovci,M. A. Reljkovića 7,VINKOVCI
32101,Vinkovci,Trg kralja Tomislava 2,VINKOVCI
32103,Vinkovci,"TC Kaufland, Lapovačka ulica 15",VINKOVCI
32212,Gaboš,Jove Jovanovića Zmaja 1,GABOŠ
32213,Markušica,P. Cara 2,MARKUŠICA
32214,Tordinci,Trg Hrvatskih žrtava 7,TORDINCI
32221,Nuštar,Trg dr. Franje Tuđmana 4,NUŠTAR
32222,Bršadin,M. Mirkovića 6,BRŠADIN
32224,Trpinja,Velika 1,TRPINJA
32225,Bobota,Mitrovićeva 29,BOBOTA
32227,Borovo,Glavna 3,BOROVO
32229,Petrovci,Vukovarska 1,PETROVCI
32232,Sotin,Dr. Franje Tuđmana 20,SOTIN
32234,Šarengrad,Oca B. T. Leakovića 1,ŠARENGRAD
32235,Bapska,Stjepana Radića 2,BAPSKA
32236,Ilok,Trg N. Iločkog 7,ILOK
32237,Lovas,Ante Starčevića 7,LOVAS
32238,Čakovci,Kralja Zvonimira 2,ČAKOVCI
32239,Negoslavci,Braće Nerandžića 4,NEGOSLAVCI
32241,Stari Jankovci,Dr. Franje Tuđmana 1,STARI JANKOVCI
32242,Slakovci,Petra Preradovića 52,SLAKOVCI
32243,Orolik,Ivana Gorana Kovačića 1,OROLIK
32244,Đeletovci,Bana Josipa Jelačića 10,ĐELETOVCI
32245,Nijemci,Zrinska 1 A,NIJEMCI
32246,Lipovac,Cvjetno naselje 1,LIPOVAC
32247,Banovci,M. Oreškovića 1,BANOVCI
32248,Ilača,Vladimira Nazora 24 A,ILAČA
32249,Tovarnik,Bana Jelačića 1,TOVARNIK
32251,Privlaka,Faličevci 1,PRIVLAKA
32252,Otok,Trg kralja Tomislava 7,OTOK
32253,Komletinci,Braće Radić 13 A,KOMLETINCI
32254,Vrbanja,Kneza Ljudevita Posavskog 17,VRBANJA
32255,Soljani *,Braće Radić 42 A,SOLJANI
32256,Strošinci,Vladimira Nazora 50,STROŠINCI
32257,Drenovci,Vladimira Nazora 4,DRENOVCI
32258,Posavski Podgajci,Matije Gupca 152,POSAVSKI PODGAJCI
32259,Gunja,Trg žrtava Domovinskog rata 35,GUNJA
32260,Gunja  sez.,Trg bana Šokčevića 1,GUNJA
32262,Račinovci,Ante Starčevića 2,RAČINOVCI
32264,Bajakovo,Prijelaz državne granice Bajakovo,LIPOVAC
32270,Županja,Dr. Franje Račkog 2 B,ŽUPANJA
32271,Rokovci Andrijaševci,Vinkovačka 6,ROKOVCI
32272,Cerna,Šetalište dr. Franje Tuđmana 9,CERNA
32273,Gradište,Trg Hrvatskih velikana 36,GRADIŠTE
32274,Štitar,Josipa Jurja Strossmayera 36,ŠTITAR
32275,Bošnjaci,Trg fra B. T. Leakovića 10,BOŠNJACI
32276,Babina Greda,Kralja Tomislava 3,BABINA GREDA
32280,Jarmina,Braće Radić 27,JARMINA
32281,Ivankovo,Trg Bana Josipa Jelačića 5,IVANKOVO
32282,Retkovci,Braće Radić 3,RETKOVCI
32283,Vođinci,Josipa Jurja Strossmayera 198,VOĐINCI
32284,Stari Mikanovci,Matije Gupca 2,STARI MIKANOVCI
33000,Virovitica,Masarykova 1,VIROVITICA
33401,Virovitica,Sajmište 2,VIROVITICA
33404,Špišić Bukovica,Vladimira Nazora 63,ŠPIŠIĆ BUKOVICA
33405,Pitomača,Ljudevita Gaja 34,PITOMAČA
33406,Lukač,Lukač 50,LUKAČ
33410,Suhopolje,Trg svete Terezije 6,SUHOPOLJE
33411,Gradina,Trg Hrvatskih branitelja 6A,GRADINA
33412,Cabuna,Stjepana  Radića 20,CABUNA
33507,Crnac,Nikole Šubića Zrinskog 2,CRNAC
33513,Zdenci,Trg Hrvatskih branitelja 1,ZDENCI
33514,Čačinci,Trg dr. Franje Tuđmana 1 A,ČAČINCI
33515,Orahovica,Kralja Zvonimira 25,ORAHOVICA
33517,Mikleuš,Nikole Šubića Zrinskog 93,MIKLEUŠ
33518,Nova Bukovica,Zagrebačka 15,NOVA BUKOVICA
33520,Slatina,Ulica bana Jelačića 29,SLATINA
33522,Voćin,Josipa Martinca 2,VOĆIN
33523,Čađavica,Kolodvorska 2,ČAĐAVICA
33525,Sopje,Kralja Tomislava 18,SOPJE
33533,Pivnica Slavonska,Pivnica Cesta 30,PIVNICA SLAVONSKA
34000,Požega,Kamenita vrata 10,POŽEGA
34303,Požega,"TC Kaufland, Njemačka ulica 40",POŽEGA
34304,Požega,Tekija 1/A,POŽEGA
34308,Jakšić,Osječka 39,JAKŠIĆ
34310,Pleternica,Trg Hrvatskih branitelja 8,PLETERNICA
34312,Sesvete (kod Požege),Sesvete 78,SESVETE
34315,Ratkovica,Ratkovica 3,RATKOVICA
34322,Brestovac,Požeška 60 B,BRESTOVAC
34330,Velika,Bana Josipa Jelačića 9,VELIKA
34334,Kaptol,Školska 5,KAPTOL
34335,Vetovo,Zagrebačka 3,VETOVO
34340,Kutjevo,Republike Hrvatske 73,KUTJEVO
34343,Bektež,Bektež 4E,BEKTEŽ
34350,Čaglin,Kolodvorska 1,ČAGLIN
34543,Poljana,Antunovačka 23,POLJANA
34550,Pakrac,Trg bana Jelačića 19,PAKRAC
34551,Lipik,Udinska 7,LIPIK
34552,Badljevina,Trg Franje Tuđmana 3,BADLJEVINA
35000,Slavonski Brod,Trg Hrvatskog proljeća 6,SLAVONSKI BROD
35101,Slavonski Brod,Trg Pobjede 2,SLAVONSKI BROD
35102,Slavonski Brod,"TC Kaufland, Naselje Slavonija II br. 5",SLAVONSKI BROD
35103,Slavonski Brod,Nikole Zrinskog 88,SLAVONSKI BROD
35104,Slavonski Brod,Zagrebačka 39,SLAVONSKI BROD
35105,Slavonski Brod,Marinci 4,SLAVONSKI BROD
35106,Slavonski Brod,Naselje Andrije Hebranga 5 B,SLAVONSKI BROD
35107,Podvinje,Trg svetog Antuna 1,PODVINJE
35108,Slavonski Brod,Mile Budaka 1,SLAVONSKI BROD
35201,Podcrkavlje,Trg 108. Brigade 11,PODCRKAVLJE
35208,Ruščica,Trg Ivane Brlić Mažuranić 1,RUŠČICA
35209,Bukovlje,Josipa Kozarca 20,BUKOVLJE
35210,Vrpolje,Trg dr. Franje Tuđmana 1,VRPOLJE
35211,Trnjani,Svetog Marka 46,TRNJANI
35212,Garčin,Kralja Tomislava 92,GARČIN
35213,Oprisavci,Trg svetog Križa 1,OPRISAVCI
35214,Donji Andrijevci,Trg kralja Tomislava 9,DONJI ANDRIJEVCI
35220,Slavonski Šamac,Kralja Zvonimira 6,SLAVONSKI ŠAMAC
35221,Velika Kopanica,Vladimira Nazora 1,VELIKA KOPANICA
35222,Gundinci,Stjepana Radića 2,GUNDINCI
35224,Sikirevci,Ljudevita Gaja 4,SIKIREVCI
35250,Oriovac,Trg Hrvatskog preporoda 1,ORIOVAC
35252,Sibinj,108. brigade Zng 6,SIBINJ
35253,Brodski Stupnik,Stjepana Radića 117,BRODSKI STUPNIK
35254,Bebrina,Bebrina 81,BEBRINA
35255,Slavonski Kobaš,Ante Starčevića 4,SLAVONSKI KOBAŠ
35257,Lužani,Vladimira Nazora 48,LUŽANI
35400,Nova Gradiška,Trg kralja Tomislava 11,NOVA GRADIŠKA
35403,Rešetari,Vladimira Nazora 28,REŠETARI
35404,Cernik,Frankopanska 105A,CERNIK
35410,Nova Kapela,Trg kralja Tomislava 11,NOVA KAPELA
35420,Staro Petrovo Selo,Trg kralja Tomislava 2,STARO PETROVO SELO
35422,Zapolje,Kardinala A. Stepinca 5,ZAPOLJE
35423,Vrbje,Kralja Tomislava 2,VRBJE
35424,Orubica,Savska 40,ORUBICA
35425,Davor,Gundulićeva 35/Ii,DAVOR
35428,Dragalić,Trg svetog Ivana Krstitelja 2,DRAGALIĆ
35429,Gornji Bogićevci,Trg Hrvatskih banitelja 1,GORNJI BOGIĆEVCI
35430,Okučani,Alojzija Stepinca 24,OKUČANI
35435,Stara Gradiška,Trg Hrvatskih branitelja 1,STARA GRADIŠKA
40000,Čakovec,Tome Masaryka 28,ČAKOVEC
40101,Čakovec,Nikole Pavića 14,ČAKOVEC
40305,Nedelišće,Maršala Tita 1,NEDELIŠĆE
40306,Macinec,Glavna 5,MACINEC
40311,Lopatinec,Ivana Gorana Kovačiaća 111 A,LOPATINEC
40312,Štrigova,Štrigova 88 A,ŠTRIGOVA
40313,Sveti Martin na Muri,Trg svetog Martina 7,SVETI MARTIN NA MURI
40314,Selnica,Trg bana Jelačića 4,SELNICA
40315,Mursko Središće,Frankopanska 9,MURSKO SREDIŠĆE
40316,Vratišinec,Dr. Vinka Žganca 3,VRATIŠINEC
40317,Podturen,Ivana Grščića 5,PODTUREN
40318,Dekanovec,Florijana Andrašeca 41,DEKANOVEC
40319,Belica,Kralja Tomislava 91,BELICA
40320,Donji Kraljevec,Kolodvorska 50,DONJI KRALJEVEC
40321,Mala Subotica,Glavna 28,MALA SUBOTICA
40322,Orehovica,Nikole Tesle 23,OREHOVICA
40323,Prelog,Glavna 43,PRELOG
40324,Goričan,Trg svetog Leonarda 22,GORIČAN
40326,Sveta Marija,Trg bana Jelačića 1,SVETA MARIJA
40327,Donji Vidovec,Trg oslobođenja 5,DONJI VIDOVEC
40328,Donja Dubrava,Trg Republike 16,DONJA DUBRAVA
40329,Kotoriba,Kolodvorska 4,KOTORIBA
42000,Varaždin,Trg slobode 9,VARAŽDIN
42103,Varaždin,Miškinina 1,VARAŽDIN
42104,Varaždin,Miroslava Krleže 4,VARAŽDIN
42105,Varaždin,Optujska 38 D,VARAŽDIN
42201,Beretinec,Trg Hrvatskih branitelja 1,BERETINEC
42202,Trnovec Bartolovečki,Bartolovečka 76,TRNOVEC  BARTOLOVEČKI
42203,Jalžabet,Trg braće Radića 7,JALŽABET
42204,Turčin,Trg dr. Franje Tuđmana 2 B,TURČIN
42205,Vidovec,Trg svetog Vida 2,VIDOVEC
42206,Petrijanec,Vladimira Nazora 106,PETRIJANEC
42207,Vinica,Opečka 33,VINICA
42208,Cestica,Dravska 3,CESTICA
42209,Sračinec,Varaždinska 96 A,SRAČINEC
42212,Kućan Marof,Marofska 2,KUČAN MAROF
42214,Sveti Ilija,Trg J. Gordijana 2,SVETI ILIJA
42220,Novi Marof,Varaždinska 19,NOVI  MAROF
42222,Ljubeščica,Zagrebačka 17,LJUBEŠĆICA
42223,Varaždinske Toplice,Trg slobode 14,VARAŽDINSKE TOPLICE
42224,Visoko,Visoko 20,VISOKO
42225,Breznički Hum,Breznički Hum 3,BREZNIČKI HUM
42226,Bisag,Bisag Bb,BISAG
42230,Ludbreg,Trg svetog Trojstva 20 A,LUDBREG
42231,Mali Bukovec,P. Miškine 19,MALI BUKOVEC
42232,Martijanec,Varaždinska 64,DONJI MARTIJANEC
42233,Sveti Đurđ,Braće Radića 1,SVETI  ĐURĐ
42240,Ivanec,Vladimira Nazora 2,IVANEC
42242,Radovan,Varaždinska 11,RADOVAN
42243,Maruševec,Maruševec 17,MARUŠEVEC
42244,Klenovnik,Klenovnik 8,KLENOVNIK
42245,Donja Voća,Donja Voća 26,DONJA  VOĆA
42250,Lepoglava,Prvog Hrvatskog sveučilišta 5,LEPOGLAVA
42253,Bednja,Trakošćanska 2,BEDNJA
43000,Bjelovar,Gajeva 2,BJELOVAR
43103,Bjelovar,"TC Kaufland, Vlahe Paljetka 4",BJELOVAR
43104,Bjelovar,Dr. Ante Starčevića 8,BJELOVAR
43202,Zrinski Topolova,Zrinski Topolovac 274,ZRINSKI TOPOLOVAC
43203,Kapela,Crkvena 2,KAPELA
43212,Rovišće,Trg Hrvatskih branitelja 2,ROVIŠĆE
43226,Veliko Trojstvo,Braće Radića 47,VELIKO TROJSTVO
43227,Šandrovac,Bjelovarska 6,ŠANDROVAC
43231,Ivanska,Slavka Kolara 1,IVANSKA
43232,Berek,Berek 77,BEREK
43240,Čazma,Kralja Tomislava 14,ČAZMA
43245,Gornji Draganec,Gornji Draganec 234,GORNJI DRAGANEC
43246,Štefanje,Štefanje 61,ŠTEFANJE
43247,Narta,Narta 331,NARTA
43251,Gudovac,Gudovac 31,GUDOVAC
43270,Veliki Grđevac,Trg Mate Lovraka 54,VELIKI GRĐEVAC
43271,Velika Pisanica,Trg Hrvatskih branitelja 2,VELIKA PISANICA
43272,Nova Rača,Trg Stjepana Radića 11,NOVA RAČA
43273,Bulinac,Bulinac 77,BULINAC
43274,Severin,Severin 137,SEVERIN
43280,Garešnica,Trg Hrvatskih branitelja 11,GAREŠNICA
43282,Veliko Vukovje,Veliko Vukovje 146,VELIKO VUKOVJE
43283,Kaniška Iva,Kaniška Iva 118,KANIŠKA IVA
43284,Hercegovac,Trg kralja Zvonimira 3,HERCEGOVAC
43285,Velika Trnovitica,Velika Trnovitica 223 A,VELIKA TRNOVITICA
43290,Grubišno Polje,Ivana Nepomuka Jemeršića 2,GRUBIŠNO POLJE
43293,Veliki Zdenci,Trg kralja Tomislava 8,VELIKI ZDENCI
43500,Daruvar,Josipa Jelačića 6,DARUVAR
43505,Končanica (Končenice),Končanica 221,KONČANICA
43506,Dežanovac,Dežanovac 311,DEŽANOVAC
43532,Đulovac,Đurina Ulica 132,ĐULOVAC
43541,Sirač,Stjepana Radića 120,SIRAČ
44000,Sisak,Stjepana I Antuna Radića 29,SISAK
44010,Sisak-Caprag,Hrvatskog narodnog preporoda 6,SISAK
44103,Sisak,Augusta Cesarca 109 A,SISAK
44104,Sisak,Galdovačka 6,SISAK
44105,Sisak,Zagrebačka 49,SISAK
44201,Martinska Ves,Martinska Ves Desna 61,MARTINSKA VES
44202,Topolovac,Trg Hrvatskih dragovoljaca 1,TOPOLOVAC
44203,Gušće,Gušće 105,GUŠĆE
44210,Sunja,Matije Gubca Bb,SUNJA
44250,Petrinja,Turkulinova 48,PETRINJA
44253,Mošćenica,Marina Držića Bb,PETRINJA
44272,Lekenik,Hrvatskih branitelja 1,LEKENIK
44273,Sela,Sela bb,SELA
44316,Velika Ludina,Obrtnička 3,VELIKA LUDINA
44317,Popovača,Zagrebačka 14,POPOVAČA
44318,Voloder,Trg svetog Antuna 20,VOLODER
44319,Repušnica,Ljudevita Gaja 101,REPUŠNICA
44320,Kutina,Trg kralja Tomislava 19,KUTINA
44321,Banova Jaruga,Cvijetni trg 4,BANOVA JARUGA
44322,Lipovljani,Ante Stračevića 2,LIPOVLJANI
44323,Rajić,Trg Hrvatskih branitelja 10,RAJIĆ
44324,Jasenovac,Trg kalja Petra Svačića 19,JASENOVAC
44326,Husain,Frana Krste Frankopana 57,HUSAIN
44330,Novska,Trg Luke Ilić Oriovčanina 9,NOVSKA
44400,Glina,Trg bana Josipa Jelačića 23,GLINA
44410,Vrginmost,Križnog puta 4 A,VRGINMOST
44415,Topusko,Opatovina 8,TOPUSKO
44430,Hrvatska Kostajnica,Vladimira Nazora 7,HRVATSKA KOSTAJNICA
44440,Dvor,Hrvatskog proljeća 2,DVOR
44450,Hrvatska Dubica,Petra Berislavića 1,HRVATSKA DUBICA
47000,Karlovac,Ivana Gorana Kovačića 4,KARLOVAC
47103,Karlovac,Trg Milana Šufflaya 1,KARLOVAC
47104,Karlovac,"TC Supernova Karlovac, Prilaz Većeslava Holjevca 12",KARLOVAC
47105,Karlovac,Dubovac 2,KARLOVAC
47106,Karlovac,Braće Gojak 2 A,KARLOVAC
47107,Karlovac,Ivana Meštrovića 8,KARLOVAC
47108,Karlovac,Maksimilijana Vrhovca 9,KARLOVAC
47201,Draganić,Draganići 10,DRAGANIĆ
47206,Lasinja,Trg Hrvatskih branitelja 4,LASINJA
47212,Skakavac  sez.,Gornja Trebinja 102,SKAKAVAC
47220,Vojnić,Andrije Hebranga 6,VOJNIĆ
47222,Cetingrad,Trg Hrvatskih branitelja 10,CETINGRAD
47240,Slunj,Trg dr. Franje Tuđmana 10,SLUNJ
47241,Cerovac Vukmanićki,Cerovac Vukmanićki 58,TUŠILOVIĆ
47242,Krnjak,Krnjak 5,KRNJAK
47245,Rakovica,Rakovica 6,RAKOVICA
47250,Duga Resa,Trg svetog Jurja 5,DUGA RESA
47251,Bosiljevo,Bosiljevo 14,BOSILJEVO
47252,Barilović,Barilović Bb,BARILOVIĆ
47262,Generalski Stol,Generalski Stol 27,GENERALSKI STOL
47264,Tounj,Linije 3 B,TOUNJ
47271,Netretić,Netretić 2,NETRETIĆ
47272,Ribnik,Ribnik 4 B,RIBNIK
47276,Žakanje,Žakanje 59,ŽAKANJE
47280,Ozalj,Trg braće Radić 1,OZALJ
47282,Kamanje,Kamanje 97,KAMANJE
47286,Mahično,Mahično 60 C,MAHIČNO
47300,Ogulin,Zrinjski trg 2,OGULIN
47303,Josipdol,Ogulinska 2,JOSIPDOL
47304,Plaški,143. domobranske pukovnije 6,PLAŠKI
47306,Saborsko,Senj 44,SABORSKO
48000,Koprivnica,Florijanski Trg 18,KOPRIVNICA
48214,Sveti Ivan Žabno,Trg Karla Lukaša 17,SVETI IVAN ŽABNO
48260,Križevci,Trg svetog Florijana 2,KRIŽEVCI
48267,Orehovec,Orehovec 11,OREHOVEC
48268,Gornja Rijeka,Trg Sidonije Rubido Erdody 3,GORNJA RIJEKA
48303,Koprivnica,Domžalska 3,KOPRIVNICA
48304,Koprivnica,Trg Eugena Kumičića 11,KOPRIVNICA
48305,Koprivnica,"TC Koprivnica, Radnička cesta 8",KOPRIVNICA
48306,Sokolovac,Trg dr. T. Bardeka 1 A,SOKOLOVAC
48312,Rasinja,Trg  svetog Florijana 1,RASINJA
48314,Koprivnički Ivanec,Matije Gupca 12,KOPRIVNIČKI IVANEC
48316,Đelekovec,Pavleka Miškine 3,ĐELEKOVEC
48317,Legrad,Trg svetog Trojstva 25,LEGRAD
48321,Peteranec,Matije Gupca 1,PETERANEC
48322,Drnje,Trg kralja Tomislava 27,DRNJE
48323,Hlebine,Gajeva 30,HLEBINE
48325,Novigrad Podravski,Trg dr. Franje Tuđmana 4,NOVIGRAD PODRAVSKI
48326,Virje,Rusanova 9,VIRJE
48327,Molve,Trg kralja Tomislava 32,MOLVE
48331,Gola,Trg kardinala Alojzija Stepinca 6,GOLA
48332,Ždala,Vladimira Nazora 55,ŽDALA
48350,Đurđevac,S. Radića 3,ĐURĐEVAC
48355,Novo Virje,Trg Vladimira Jagarinca 2,NOVO  VIRJE
48356,Ferdinandovac,Trg slobode 28,FERDINANDOVAC
48361,Kalinovac,Dravska 4,KALINOVAC
48362,Kloštar Podravski,Kralja Tomislava 2,KLOŠTAR PODRAVSKI
48363,Podravske Sesvete,Mažuranićeva 1,PODRAVSKE  SESVETE
49000,Krapina,Ljudevita Gaja 18,KRAPINA
49210,Zabok,Matije Gupca 19,ZABOK
49214,Veliko Trgovišće,Trg Stjepana I Franje Tuđmana 2,VELIKO TRGOVIŠĆE
49215,Tuhelj,Tuhelj 36,TUHELJ
49216,Desinić,Jurice Prejca 1,DESINIĆ
49217,Krapinske Toplice,Mihanovićeva 1,KRAPINSKE TOPLICE
49218,Pregrada,Stjepana Radića 17,PREGRADA
49219,Vinagora,Vinagora 13,VINAGORA
49221,Bedekovčina,Trg Ante Starčevića 7,BEDEKOVČINA
49222,Poznanovec,Zagorskih brigada 20 A,POZNANOVEC
49223,Sveti Križ Začretje,Šetalište Oskara Wolfa 1,SVETI KRIŽ ZAČRETJE
49225,Đurmanec,Đurmanec 142 A,ĐURMANEC
49231,Hum na Sutli,Hum na Sutli 158,HUM NA SUTLI
49232,Radoboj,Radoboj 7 A,RADOBOJ
49233,Gornje Jesenje,Gornje Jesenje 103,GORNJE JESENJE
49234,Petrovsko,Petrovsko 1,PETROVSKO
49240,Donja Stubica,Trg Matije Gupca 14,DONJA STUBICA
49243,Oroslavje,Milana Prpića 66,OROSLAVJE
49244,Stubičke Toplice,Viktora Šipeka 24,STUBIČKE TOPLICE
49245,Gornja Stubica,"TC Trgostil, Trg svetog Jurja 10",GORNJA STUBICA
49246,Marija Bistrica,Gornjoselska 2,MARIJA BISTRICA
49247,Zlatar Bistrica,Josipa Kraša 1,ZLATAR BISTRICA
49250,Zlatar,Park Hrvatske mladeži 2,ZLATAR
49251,Mače,Mače 85,MAČE
49252,Mihovljan,Mihovljan 47 A,MIHOVLJAN
49253,Lobor,Trg svete Ane 26,LOBOR
49254,Belec,Belec 6 A,BELEC
49255,Novi Golubovec,Novi Golubovec 25 A,NOVI GOLUBOVEC
49282,Konjščina,Zagorska 11,KONJŠĆINA
49283,Hrašćina-Trgovišće,Trgovišće 23 C,TRGOVIŠĆE
49284,Budinšćina,Budinšćina 8,BUDINŠĆINA
49290,Klanjec,Lijepe Naše 22,KLANJEC
49294,Kraljevec na Sutli,Kraljevec na Sutli 132 A,KRALJEVEC NA SUTLI
49295,Kumrovec,Josipa Broza 14,KUMROVEC
49296,Zagorska Sela,Zagorska Sela 38,ZAGORSKA SELA
51000,Rijeka,Krešimirova 7,RIJEKA
51101,Rijeka,Korzo 39,RIJEKA
51103,Rijeka,Strossmayerova 15 C,RIJEKA
51104,Rijeka,Laginjina 38,RIJEKA
51105,Rijeka,Pulska 27 B,RIJEKA
51106,Rijeka,Trg Riječkih olimpijaca 12,RIJEKA
51107,Rijeka,Fiumara 13/A,RIJEKA
51108,Rijeka,F. Čandeka 32 C,RIJEKA
51109,Rijeka,A. Peruča 2 A,RIJEKA
51110,Rijeka,Radićeva 2,RIJEKA
51111,Rijeka,Braće Stipčić 3,RIJEKA
51112,Rijeka,Cvetkov trg 1,RIJEKA
51114,Rijeka,Srdoči 65 A,RIJEKA
51115,Rijeka,Vukovarska 84,RIJEKA
51116,Rijeka,Rudolfa Tomšića 1 A,RIJEKA
51118,Rijeka,"TC Super Konzum Rijeka, Osječka 71",RIJEKA
51119,Rijeka,Žrtava fašizma 3,RIJEKA
51211,Matulji,Trg maršala Tita 8,MATULJI
51212,Vele Mune,Vele Mune 2,VELE MUNE
51213,Jurdani,Jurdani 64,JURDANI
51214,Šapjane,Šapjane 70,ŠAPJANE
51215,Kastav,Trg Matka Laginje 12 A,KASTAV
51216,Viškovo,Vozišće 3,VIŠKOVO
51217,Klana,Klana 180,KLANA
51218,Dražice,Dražičkih boraca 64,JELENJE
51219,Čavle,Čavja 17,ČAVLE
51221,Kostrena,Glavani 89 A,KOSTRENA
51222,Bakar,Koguli 213,BAKAR
51223,Škrljevo,Škrljevo bb,ŠKRLJEVO
51224,Krasica,Krasica 230 A,KRASICA
51226,Hreljin,Hreljin 126A,HRELJIN
51227,Kukuljanovo,Kukuljanovo 205 B,KUKULJANOVO
51241,Križišće,Križišće 27,KRIŽIŠĆE
51242,Drivenik,Drivenik 5,Drivenik
51243,Tribalj,Tribalj 31 B,TRIBALJ
51244,Grižane,Grižane 60,GRIŽANE
51250,Novi Vinodolski,Kralja Tomislava 31 B,NOVI VINODOLSKI
51251,Ledenice,Ledenice 37,LEDENICE
51252,Klenovica,Zidnice 1B,KLENOVICA
51253,Bribir,Bribir 8,BRIBIR
51260,Crikvenica,Ivana Skomerže 2,CRIKVENICA
51261,Bakarac,Bakarac 8,BAKARAC
51262,Kraljevica,Zrinski trg 11,KRALJEVICA
51263,Šmrika,Školska 10,ŠMRIKA
51264,Jadranovo,Vladimira Nazora 3 B,JADRANOVO
51265,Crikvenica,"Tc ""Duga Mall"" kralja Tomislava 109",CRIKVENICA
51266,Selce,Trg palih boraca 23,SELCE
51280,Rab,Palit 67,RAB
51281,Lopar,Lopar 282,LOPAR
51300,Delnice,Lujzinska cesta 57,DELNICE
51301,Brod na Kupi,Kralja Tomislava 2,BROD NA KUPI
51303,Plešce,Antona Muhvića 1,PLEŠCE
51304,Gerovo,Eugena Kvaternika 44,GEROVO
51305,Tršće,Školska 1,TRŠĆE
51306,Čabar,Trg kralja Tomislava 10,ČABAR
51307,Prezid,Goranska 78,PREZID
51311,Skrad,Grič 24,SKRAD
51312,Brod Moravice,Stjepana Radića 2,BROD MORAVICE
51313,Kupjak,Kupjak 130,KUPJAK
51314,Ravna Gora,Ivana Gorana Kovačića 177,RAVNA GORA
51315,Mrkopalj,Muževski Kraj 8,MRKOPALJ
51316,Lokve,Rudolfa Strohala 94,LOKVE
51317,Crni Lug,Školska 5,CRNI LUG
51322,Fužine,Sveti Križ 2,FUŽINE
51323,Lič,Lič 31,LIČ
51324,Zlobin,Zlobin 157,ZLOBIN
51325,Moravice,Školska 3,MORAVICE
51326,Vrbovsko,Franje Račkog 2,VRBOVSKO
51327,Gomirje,J. Stojanovića Brice 2,GOMIRJE
51328,Lukovdol,Lukovdol 9,LUKOVDOL
51329,Severin na Kupi,Severin na Kupi 8,SEVERIN NA KUPI
51410,Opatija,Eugena Kumičića 4,OPATIJA
51413,Opatija,Andrije Štangera 50,OPATIJA
51414,Ičići,Liburnijska 24,IČIĆI
51415,Lovran,Šetalište Maršala Tita 29,LOVRAN
51417,Mošćenička Draga,Trg slobode 8,MOŠĆENIČKA DRAGA
51500,Krk,Kralja Tomislava 1,KRK
51511,Malinska,Obala 48,MALINSKA
51512,Njivice,Ribarska obala 9,NJIVICE
51513,Omišalj,Prikešte 9,OMIŠALJ
51514,Dobrinj,Dobrinj 64,DOBRINJ
51515,Šilo,Nova cesta 19,ŠILO
51516,Vrbnik,Varoš 21,VRBNIK
51517,Kornić,Svetog Dunata 14,Kornić
51521,Punat,Obala 72,PUNAT
51522,Draga Bašćanska,Bašćanska Draga 238,BAŠĆANSKA DRAGA
51523,Baška,Kralja Tomislava 3,BAŠKA
51542,Osor  sez.,Osor 66,OSOR
51550,Mali Lošinj,Dubovica 2,MALI LOŠINJ
51551,Veli Lošinj,Obala maršala Tita 33,VELI LOŠINJ
51552,Ilovik,Ilovik 15,ILOVIK
51553,Mali Lošinj,Vladimira Gortana 4,MALI LOŠINJ
51554,Nerezine,Trg Studenac 33,NEREZINE
51556,Martinščica,Martinšćica 18 A,MARTINŠĆICA
51557,Cres,Cons 3,CRES
51561,Susak,Susak 96 A,SUSAK
51562,Unije,Unije 115,UNIJE
51564,Ćunski,Ćunski 11,ĆUNSKI
52000,Pazin,M. B. Rašana 7 A,PAZIN
52100,Pula (Pola),Danteov trg 4,PULA
52102,Pula (Pola),Ćirilometodske družbe 1,PULA
52103,Pula (Pola),Istarska 7,PULA
52104,Pula (Pola),Koparska 64,PULA
52105,Pula (Pola),Tomassinijeva 15,PULA
52106,Pula (Pola),R.K. Jeretova 16,PULA
52107,Pula (Pola),Creska 5,PULA
52108,Pula (Pola),Trg Republike 1,PULA
52109,Pula (Pola),Štiglićeva 22,PULA
52203,Medulin,Centar bb,MEDULIN
52204,Ližnjan (Lisignano),Ližnjan 146,LIŽNJAN
52206,Marčana,Marčana bb,MARČANA
52207,Barban,Barban 1,BARBAN
52208,Krnica,Krnica 16,KRNICA
52210,Rovinj (Rovigno),M. Benussi 4,ROVINJ
52211,Bale (Valle),Trg La Mussa 10,BALE
52212,Fažana (Fasana),43. Istarske divizije 14,FAŽANA
52215,Vodnjan (Dignano),Trgovačka 33,VODNJAN
52220,Labin,Zelenice 5,LABIN
52221,Rabac,Obala maršala Tita 24,RABAC
52222,Koromačno,Koromačno 5,KOROMAČNO
52223,Raša,Trg Gustavo Pulitzer Finali 1,RAŠA
52230,Labin,Katuri 15,LABIN
52231,Nedešćina,Nedeščina 101,NEDEŠČINA
52232,Kršan,Pristav bb,KRŠAN
52233,Šušnjevica,Šušnjevica bb,ŠUŠNJEVICA
52234,Plomin,Plomin 67,PLOMIN
52240,Labin,Titov Trg 2/2,LABIN
52332,Pićan,Pićan 61,PIĆAN
52333,Podpićan,Dumbrova 6,PODPIĆAN
52341,Žminj,Trg 9. Rujna 1E,ŽMINJ
52342,Svetvinčenat,Svetvinčenat 47,SVETVINČENAT
52352,Kanfanar,Trg M. Zelka 6,KANFANAR
52402,Cerovlje,Cerovlje 12 E,CEROVLJE
52403,Gračišće,Gračišće bb,GRAČIŠĆE
52404,Sveti Petar u šumi,Dajčići 110,SVETI PETAR U ŠUMI
52420,Buzet,Trg Fontana 3,BUZET
52424,Motovun (Montona),Mure 2,MOTOVUN
52425,Roč,Roč 51,ROČ
52426,Lupoglav,Lupoglav 11 B,LUPOGLAV
52427,Livade (Levade),Livade 9/1,LIVADE
52428,Oprtalj (Portole),Matka Laginje 1,OPRTALJ
52429,Grožnjan (Grisignana),Ulica Grisia 2,GROŽNJAN
52434,Boljun,Boljun 2,BOLJUN
52440,Poreč (Parenzo),Vukovarska 17,POREČ
52441,Poreč (Parenzo),Pino Budičin 1,POREČ
52442,Poreč (Parenzo) (Laguna) * sez.,TN Zelena laguna,POREČ
52443,Poreč (Parenzo) (Lanterna) * sez.,TN Lanterna,POREČ
52444,Tinjan,Tinjan 2,TINJAN
52445,Baderna,Baderna 14,BADERNA
52446,Nova Vas,Višnjanska 27,NOVA VAS
52447,Vižinada (Visinada),Vižinada bb,VIŽINADA
52448,Sveti Lovreč,Gradski trg 1,SVETI LOVREČ
52449,Červar Porat,Park Učka 4,ČERVAR PORAT
52450,Vrsar (Orsera),Saline 2,VRSAR
52452,Funtana (Fontane),B. Borisia 2,FUNTANA
52460,Buje (Buie),Josipa Broza Tita 17,BUJE
52463,Višnjan (Visignano),Istarska 1,VIŠNJAN
52464,Kaštelir (Castelliere),Kaštelir 113,KAŠTELIR
52465,Tar (Torre),Istarska 8,TAR
52466,Novigrad (Cittanova),Mandrač 28,NOVIGRAD
52470,Umag (Umago),1. svibnja 1,UMAG
52474,Brtonigla (Verteneglio),Trg svetog Zenona 13 A,BRTONIGLA
52475,Savudrija (Salvore),Bašanija 1,SAVUDRIJA
53000,Gospić,Kaniška 53,GOSPIĆ
53202,Perušić,Ante Starčevića 4,PERUŠIĆ
53203,Kosinj,Gornji Kosinj 49/1,KOSINJ
53206,Brušane  sez.,Brušane,BRUŠANE
53211,Smiljan,Smiljan,SMILJAN
53212,Klanac,Klanac 1,KLANAC
53213,Donje Pazarište,Donje Pazarište 74,DONJE PAZARIŠTE
53220,Otočac,Kralja Zvonimira 23,OTOČAC
53223,Vrhovine,Senjska 48,VRHOVINE
53230,Korenica,Trg svetog Jurja 13,KORENICA
53231,Plitvička Jezera,Josipa Jovića 4,PLITVIČKA JEZERA
53233,Ličko Petrovo Selo,Ličko Petrovo Selo 73,LIČKO PETROVO SELO
53234,Udbina,Stjepana Radića 6,UDBINA
53236,Podlapača,Podlapača,PODLAPAČA
53244,Lovinac,Franje Tuđmana 16,LOVINAC
53250,Donji Lapac,Trg Nikole Tesle 9 A,DONJI LAPAC
53260,Brinje,Frankopanska 86,BRINJE
53261,Križpolje,Križpolje 12,KRIŽPOLJE
53262,Jezerane,Jezerane 53A,JEZERANE
53270,Senj,Obala dr. Franje Tuđmana 3,SENJ
53273,Vratnik,Vratnik 57,VRATNIK
53274,Krasno,Krasno 107 C,KRASNO
53284,Sveti Juraj,Selo 9,SVETI JURAJ
53287,Jablanac,Obala bana S. Šubića 17,JABLANAC
53288,Karlobag,Obala Vladimira Nazora 2,KARLOBAG
53291,Novalja,Obala kneza Domagoja 1,NOVALJA
53294,Lun,Tovarnela 41,LUN
53296,Zubovići,Zubovići 24,ZUBOVIĆI
